bill,vendor,bill_date,open_amount
BILL-3131,Helix IT Solutions,22-Apr-2026,3583.0
BILL-3132,Pillar Accounting Services,19-Apr-2026,7349.0
BILL-3133,Uptown Catering Co.,16-Apr-2026,7610.0
BILL-3134,Clearbyte Cloud Services,15-Apr-2026,895.0
BILL-3135,Junction Utility Co-op,07-Apr-2026,4137.0
BILL-3136,Bright Harbor Media,11-May-2026,5808.0
BILL-3137,Stanton Cleaning Crew,13-May-2026,5729.0
BILL-3142,Pillar Accounting Services,04-Jun-2026,8004.0
BILL-3147,Trellis Marketing Group,04-Jun-2026,3840.0
